ID,Mode,KC,P,HP,KBF,HCF,Distance,BorE,word,rx,ry,ux,ux1,ux2,ux3,ux4,ux5,uy,uy1,uy2,uy3,uy4,uy5,px,py,delta time,pre_rx,pre_ry
2,2,TP3,True,False,False,False,0.3,end,‚ê,0.0125,-0.017625,-0.005121269,,,,,,0.008479478,,,,,,-1,-1,,0,0
2,2,TP3,True,False,False,False,0.3,begin,‚ê,0.0125,-0.017625,0.005792911,0.008815299,0.008815299,0.004533582,0.004533582,0.002098881,-0.00352612,-0.0004197762,-0.0004197762,0.001175373,0.001175373,0.002854478,-1,-1,0.7792358,-0.005121269,0.008479478
2,2,TP3,True,False,False,False,0.3,end,‚ê,0.0125,-0.017625,-0.01057836,,,,,,0.0003358209,,,,,,-1,-1,,-0.005121269,0.008479478
2,2,TP3,True,False,False,False,0.3,begin,‚ê,0.0125,-0.017625,0.001847015,0.002434702,0.002434702,0.001511194,0.0002518657,-0.001679105,0.006128732,0.001679105,0.001679105,0.0005037314,0.0003358209,0.0003358209,-1,-1,0.9041557,-0.01057836,0.0003358209
2,2,TP3,True,False,False,False,0.3,end,‚ê,0.0125,-0.017625,-0.02434702,,,,,,0.0193097,,,,,,-1,-1,,-0.01057836,0.0003358209
2,2,TP3,True,False,False,False,0.3,begin,‚ê,0.0125,-0.017625,-0.009738807,-0.01393657,-0.01393657,-0.02140858,-0.02140858,-0.02283582,0.002770523,0.01066231,0.01066231,0.01721082,0.01721082,0.01897388,-1,-1,0.7669029,-0.02434702,0.0193097
2,2,TP3,True,False,False,False,0.3,end,‚ê,0.0125,-0.017625,-0.02594217,,,,,,0.006800374,,,,,,-1,-1,,-0.02434702,0.0193097
interrupt
